timestamp,value,reason
2025-08-22 01:43:00+00:00,65.79,Value 65.79 outside normal range
2025-08-22 01:46:00+00:00,65.82,Value 65.82 outside normal range
2025-08-22 01:55:00+00:00,65.96,Value 65.96 outside normal range
2025-08-22 02:00:00+00:00,66.02,Value 66.02 outside normal range
2025-08-22 02:01:00+00:00,65.79,Value 65.79 outside normal range
2025-08-22 02:05:00+00:00,65.93,Value 65.93 outside normal range
2025-08-22 02:07:00+00:00,66.04,Value 66.04 outside normal range
2025-08-22 02:11:00+00:00,65.87,Value 65.87 outside normal range
2025-08-22 02:12:00+00:00,65.93,Value 65.93 outside normal range
2025-08-22 02:13:00+00:00,65.79,Value 65.79 outside normal range
2025-08-22 02:15:00+00:00,65.98,Value 65.98 outside normal range
2025-08-22 02:16:00+00:00,66.06,Value 66.06 outside normal range
2025-08-22 02:17:00+00:00,66.04,Value 66.04 outside normal range
2025-08-22 02:21:00+00:00,66.08,Value 66.08 outside normal range
2025-08-22 02:22:00+00:00,65.84,Value 65.84 outside normal range
2025-08-22 02:23:00+00:00,65.92,Value 65.92 outside normal range
2025-08-22 02:24:00+00:00,66.06,Value 66.06 outside normal range
2025-08-22 02:25:00+00:00,66.26,Value 66.26 outside normal range
2025-08-22 02:26:00+00:00,66.01,Value 66.01 outside normal range
2025-08-22 02:27:00+00:00,66.02,Value 66.02 outside normal range
2025-08-22 02:29:00+00:00,65.9,Value 65.90 outside normal range
2025-08-22 02:30:00+00:00,65.86,Value 65.86 outside normal range
2025-08-22 02:31:00+00:00,66.22,Value 66.22 outside normal range
2025-08-22 02:32:00+00:00,65.82,Value 65.82 outside normal range
2025-08-22 02:33:00+00:00,66.28,Value 66.28 outside normal range
2025-08-22 02:34:00+00:00,65.86,Value 65.86 outside normal range
2025-08-22 02:35:00+00:00,66.29,Value 66.29 outside normal range
2025-08-22 02:36:00+00:00,66.11,Value 66.11 outside normal range
2025-08-22 02:37:00+00:00,66.2,Value 66.20 outside normal range
2025-08-22 02:38:00+00:00,66.62,Value 66.62 outside normal range
2025-08-22 02:39:00+00:00,66.26,Value 66.26 outside normal range
2025-08-22 02:40:00+00:00,66.14,Value 66.14 outside normal range
2025-08-22 02:41:00+00:00,66.42,Value 66.42 outside normal range
2025-08-22 02:42:00+00:00,66.25,Value 66.25 outside normal range
2025-08-22 02:43:00+00:00,66.13,Value 66.13 outside normal range
2025-08-22 02:44:00+00:00,65.97,Value 65.97 outside normal range
2025-08-22 02:45:00+00:00,66.41,Value 66.41 outside normal range
2025-08-22 02:46:00+00:00,66.29,Value 66.29 outside normal range
2025-08-22 02:47:00+00:00,66.2,Value 66.20 outside normal range
2025-08-22 02:48:00+00:00,66.36,Value 66.36 outside normal range
2025-08-22 02:49:00+00:00,66.22,Value 66.22 outside normal range
2025-08-22 02:50:00+00:00,66.23,Value 66.23 outside normal range
2025-08-22 02:51:00+00:00,66.73,Value 66.73 outside normal range
2025-08-22 02:52:00+00:00,66.44,Value 66.44 outside normal range
2025-08-22 02:53:00+00:00,66.05,Value 66.05 outside normal range
2025-08-22 02:54:00+00:00,66.6,Value 66.60 outside normal range
2025-08-22 02:55:00+00:00,66.42,Value 66.42 outside normal range
2025-08-22 02:56:00+00:00,66.75,Value 66.75 outside normal range
2025-08-22 02:57:00+00:00,66.66,Value 66.66 outside normal range
2025-08-22 02:58:00+00:00,66.45,Value 66.45 outside normal range
2025-08-22 02:59:00+00:00,66.53,Value 66.53 outside normal range
2025-08-22 03:00:00+00:00,66.62,Value 66.62 outside normal range
2025-08-22 03:01:00+00:00,66.56,Value 66.56 outside normal range
2025-08-22 03:02:00+00:00,66.66,Value 66.66 outside normal range
2025-08-22 03:03:00+00:00,66.95,Value 66.95 outside normal range
2025-08-22 03:04:00+00:00,66.58,Value 66.58 outside normal range
2025-08-22 03:05:00+00:00,66.71,Value 66.71 outside normal range
2025-08-22 03:06:00+00:00,66.64,Value 66.64 outside normal range
2025-08-22 03:07:00+00:00,66.56,Value 66.56 outside normal range
2025-08-22 03:08:00+00:00,66.29,Value 66.29 outside normal range
2025-08-22 03:09:00+00:00,66.88,Value 66.88 outside normal range
2025-08-22 03:10:00+00:00,66.3,Value 66.30 outside normal range
2025-08-22 03:11:00+00:00,66.62,Value 66.62 outside normal range
2025-08-22 03:12:00+00:00,66.56,Value 66.56 outside normal range
2025-08-22 03:13:00+00:00,66.65,Value 66.65 outside normal range
2025-08-22 03:14:00+00:00,66.69,Value 66.69 outside normal range
2025-08-22 03:15:00+00:00,66.76,Value 66.76 outside normal range
2025-08-22 03:16:00+00:00,66.77,Value 66.77 outside normal range
2025-08-22 03:17:00+00:00,66.63,Value 66.63 outside normal range
2025-08-22 03:18:00+00:00,66.59,Value 66.59 outside normal range
2025-08-22 03:19:00+00:00,66.7,Value 66.70 outside normal range
2025-08-22 03:20:00+00:00,66.81,Value 66.81 outside normal range
2025-08-22 03:21:00+00:00,66.55,Value 66.55 outside normal range
2025-08-22 03:22:00+00:00,66.89,Value 66.89 outside normal range
2025-08-22 03:23:00+00:00,66.72,Value 66.72 outside normal range
2025-08-22 03:24:00+00:00,67.03,Value 67.03 outside normal range
2025-08-22 03:25:00+00:00,67.05,Value 67.05 outside normal range
2025-08-22 03:26:00+00:00,66.85,Value 66.85 outside normal range
2025-08-22 03:27:00+00:00,66.8,Value 66.80 outside normal range
2025-08-22 03:28:00+00:00,66.93,Value 66.93 outside normal range
2025-08-22 03:29:00+00:00,67.04,Value 67.04 outside normal range
2025-08-22 03:30:00+00:00,67.01,Value 67.01 outside normal range
2025-08-22 03:31:00+00:00,66.98,Value 66.98 outside normal range
2025-08-22 03:32:00+00:00,67.01,Value 67.01 outside normal range
2025-08-22 03:33:00+00:00,67.04,Value 67.04 outside normal range
2025-08-22 03:34:00+00:00,66.89,Value 66.89 outside normal range
2025-08-22 03:35:00+00:00,66.69,Value 66.69 outside normal range
2025-08-22 03:36:00+00:00,67.11,Value 67.11 outside normal range
2025-08-22 03:37:00+00:00,67.08,Value 67.08 outside normal range
2025-08-22 03:38:00+00:00,67.07,Value 67.07 outside normal range
2025-08-22 03:39:00+00:00,67.18,Value 67.18 outside normal range
2025-08-22 03:40:00+00:00,66.86,Value 66.86 outside normal range
2025-08-22 03:41:00+00:00,66.93,Value 66.93 outside normal range
2025-08-22 03:42:00+00:00,66.99,Value 66.99 outside normal range
2025-08-22 03:43:00+00:00,67.08,Value 67.08 outside normal range
2025-08-22 03:44:00+00:00,67.08,Value 67.08 outside normal range
2025-08-22 03:45:00+00:00,67.33,Value 67.33 outside normal range
2025-08-22 03:46:00+00:00,67.16,Value 67.16 outside normal range
2025-08-22 03:47:00+00:00,67.29,Value 67.29 outside normal range
2025-08-22 03:48:00+00:00,67.16,Value 67.16 outside normal range
2025-08-22 03:49:00+00:00,67.27,Value 67.27 outside normal range
2025-08-22 03:50:00+00:00,67.33,Value 67.33 outside normal range
2025-08-22 03:51:00+00:00,67.5,Value 67.50 outside normal range
2025-08-22 03:52:00+00:00,67.67,Value 67.67 outside normal range
2025-08-22 03:53:00+00:00,67.52,Value 67.52 outside normal range
2025-08-22 03:54:00+00:00,67.93,Value 67.93 outside normal range
2025-08-22 03:55:00+00:00,67.48,Value 67.48 outside normal range
2025-08-22 03:56:00+00:00,67.52,Value 67.52 outside normal range
2025-08-22 03:57:00+00:00,67.73,Value 67.73 outside normal range
2025-08-22 03:58:00+00:00,67.5,Value 67.50 outside normal range
2025-08-22 03:59:00+00:00,67.29,Value 67.29 outside normal range
2025-08-22 04:00:00+00:00,67.58,Value 67.58 outside normal range
2025-08-22 04:01:00+00:00,67.3,Value 67.30 outside normal range
2025-08-22 04:02:00+00:00,67.59,Value 67.59 outside normal range
2025-08-22 04:03:00+00:00,67.61,Value 67.61 outside normal range
2025-08-22 04:04:00+00:00,67.89,Value 67.89 outside normal range
2025-08-22 04:05:00+00:00,67.45,Value 67.45 outside normal range
2025-08-22 04:06:00+00:00,67.57,Value 67.57 outside normal range
2025-08-22 04:07:00+00:00,68.02,Value 68.02 outside normal range
2025-08-22 04:08:00+00:00,67.71,Value 67.71 outside normal range
2025-08-22 04:09:00+00:00,67.39,Value 67.39 outside normal range
2025-08-22 04:10:00+00:00,67.62,Value 67.62 outside normal range
2025-08-22 04:11:00+00:00,67.77,Value 67.77 outside normal range
2025-08-22 04:12:00+00:00,67.66,Value 67.66 outside normal range
2025-08-22 04:13:00+00:00,67.83,Value 67.83 outside normal range
2025-08-22 04:14:00+00:00,68.01,Value 68.01 outside normal range
2025-08-22 04:15:00+00:00,67.83,Value 67.83 outside normal range
2025-08-22 04:16:00+00:00,67.66,Value 67.66 outside normal range
2025-08-22 04:17:00+00:00,67.66,Value 67.66 outside normal range
2025-08-22 04:18:00+00:00,68.08,Value 68.08 outside normal range
2025-08-22 04:19:00+00:00,67.8,Value 67.80 outside normal range
2025-08-22 04:20:00+00:00,67.78,Value 67.78 outside normal range
2025-08-22 04:21:00+00:00,68.03,Value 68.03 outside normal range
2025-08-22 04:22:00+00:00,68.59,Value 68.59 outside normal range
2025-08-22 04:23:00+00:00,67.74,Value 67.74 outside normal range
2025-08-22 04:24:00+00:00,68.16,Value 68.16 outside normal range
2025-08-22 04:25:00+00:00,67.72,Value 67.72 outside normal range
2025-08-22 04:26:00+00:00,68.05,Value 68.05 outside normal range
2025-08-22 04:27:00+00:00,67.97,Value 67.97 outside normal range
2025-08-22 04:28:00+00:00,68.37,Value 68.37 outside normal range
2025-08-22 04:29:00+00:00,68.15,Value 68.15 outside normal range
2025-08-22 04:30:00+00:00,68.04,Value 68.04 outside normal range
2025-08-22 04:31:00+00:00,67.73,Value 67.73 outside normal range
2025-08-22 04:32:00+00:00,68.01,Value 68.01 outside normal range
2025-08-22 04:33:00+00:00,68.26,Value 68.26 outside normal range
2025-08-22 04:34:00+00:00,68.24,Value 68.24 outside normal range
2025-08-22 04:35:00+00:00,68.53,Value 68.53 outside normal range
2025-08-22 04:36:00+00:00,67.84,Value 67.84 outside normal range
2025-08-22 04:37:00+00:00,68.27,Value 68.27 outside normal range
2025-08-22 04:38:00+00:00,68.55,Value 68.55 outside normal range
2025-08-22 04:39:00+00:00,68.25,Value 68.25 outside normal range
2025-08-22 04:40:00+00:00,68.37,Value 68.37 outside normal range
2025-08-22 04:41:00+00:00,68.49,Value 68.49 outside normal range
2025-08-22 04:42:00+00:00,68.08,Value 68.08 outside normal range
2025-08-22 04:43:00+00:00,68.31,Value 68.31 outside normal range
2025-08-22 04:44:00+00:00,68.33,Value 68.33 outside normal range
2025-08-22 04:45:00+00:00,68.3,Value 68.30 outside normal range
2025-08-22 04:46:00+00:00,68.12,Value 68.12 outside normal range
2025-08-22 04:47:00+00:00,68.93,Value 68.93 outside normal range
2025-08-22 04:48:00+00:00,68.52,Value 68.52 outside normal range
2025-08-22 04:49:00+00:00,68.56,Value 68.56 outside normal range
2025-08-22 04:50:00+00:00,68.36,Value 68.36 outside normal range
2025-08-22 04:51:00+00:00,68.4,Value 68.40 outside normal range
2025-08-22 04:52:00+00:00,68.64,Value 68.64 outside normal range
2025-08-22 04:53:00+00:00,68.62,Value 68.62 outside normal range
2025-08-22 04:54:00+00:00,68.43,Value 68.43 outside normal range
2025-08-22 04:55:00+00:00,68.55,Value 68.55 outside normal range
2025-08-22 04:56:00+00:00,68.81,Value 68.81 outside normal range
2025-08-22 04:57:00+00:00,68.44,Value 68.44 outside normal range
2025-08-22 04:58:00+00:00,68.64,Value 68.64 outside normal range
2025-08-22 04:59:00+00:00,68.87,Value 68.87 outside normal range
2025-08-22 05:00:00+00:00,68.74,Value 68.74 outside normal range
2025-08-22 05:01:00+00:00,68.96,Value 68.96 outside normal range
2025-08-22 05:02:00+00:00,68.53,Value 68.53 outside normal range
2025-08-22 05:03:00+00:00,69.0,Value 69.00 outside normal range
2025-08-22 05:04:00+00:00,68.81,Value 68.81 outside normal range
2025-08-22 05:05:00+00:00,69.25,Value 69.25 outside normal range
2025-08-22 05:06:00+00:00,68.64,Value 68.64 outside normal range
2025-08-22 05:07:00+00:00,69.51,Value 69.51 outside normal range
2025-08-22 05:08:00+00:00,68.98,Value 68.98 outside normal range
2025-08-22 05:09:00+00:00,68.78,Value 68.78 outside normal range
2025-08-22 05:10:00+00:00,68.8,Value 68.80 outside normal range
2025-08-22 05:11:00+00:00,68.86,Value 68.86 outside normal range
2025-08-22 05:12:00+00:00,69.23,Value 69.23 outside normal range
2025-08-22 05:13:00+00:00,69.43,Value 69.43 outside normal range
2025-08-22 05:14:00+00:00,68.61,Value 68.61 outside normal range
2025-08-22 05:15:00+00:00,69.18,Value 69.18 outside normal range
2025-08-22 05:16:00+00:00,69.01,Value 69.01 outside normal range
2025-08-22 05:17:00+00:00,69.69,Value 69.69 outside normal range
2025-08-22 05:18:00+00:00,68.88,Value 68.88 outside normal range
2025-08-22 05:19:00+00:00,68.84,Value 68.84 outside normal range
2025-08-22 05:20:00+00:00,69.25,Value 69.25 outside normal range
2025-08-22 05:21:00+00:00,69.19,Value 69.19 outside normal range
2025-08-22 05:22:00+00:00,69.12,Value 69.12 outside normal range
2025-08-22 05:23:00+00:00,69.28,Value 69.28 outside normal range
2025-08-22 05:24:00+00:00,69.45,Value 69.45 outside normal range
2025-08-22 05:25:00+00:00,69.31,Value 69.31 outside normal range
2025-08-22 05:26:00+00:00,69.2,Value 69.20 outside normal range
2025-08-22 05:27:00+00:00,69.25,Value 69.25 outside normal range
2025-08-22 05:28:00+00:00,69.07,Value 69.07 outside normal range
2025-08-22 05:29:00+00:00,69.38,Value 69.38 outside normal range
2025-08-22 05:30:00+00:00,69.33,Value 69.33 outside normal range
2025-08-22 05:31:00+00:00,68.86,Value 68.86 outside normal range
2025-08-22 05:32:00+00:00,69.45,Value 69.45 outside normal range
2025-08-22 05:33:00+00:00,69.73,Value 69.73 outside normal range
2025-08-22 05:34:00+00:00,69.43,Value 69.43 outside normal range
2025-08-22 05:35:00+00:00,69.37,Value 69.37 outside normal range
2025-08-22 05:36:00+00:00,69.46,Value 69.46 outside normal range
2025-08-22 05:37:00+00:00,69.59,Value 69.59 outside normal range
2025-08-22 05:38:00+00:00,70.12,Value 70.12 outside normal range
2025-08-22 05:39:00+00:00,69.54,Value 69.54 outside normal range
2025-08-22 05:40:00+00:00,69.81,Value 69.81 outside normal range
2025-08-22 05:41:00+00:00,69.46,Value 69.46 outside normal range
2025-08-22 05:42:00+00:00,69.69,Value 69.69 outside normal range
2025-08-22 05:43:00+00:00,69.66,Value 69.66 outside normal range
2025-08-22 05:44:00+00:00,69.51,Value 69.51 outside normal range
2025-08-22 05:45:00+00:00,69.54,Value 69.54 outside normal range
2025-08-22 05:46:00+00:00,69.85,Value 69.85 outside normal range
2025-08-22 05:47:00+00:00,69.72,Value 69.72 outside normal range
2025-08-22 05:48:00+00:00,69.58,Value 69.58 outside normal range
2025-08-22 05:49:00+00:00,69.58,Value 69.58 outside normal range
2025-08-22 05:50:00+00:00,69.73,Value 69.73 outside normal range
2025-08-22 05:51:00+00:00,69.76,Value 69.76 outside normal range
2025-08-22 05:52:00+00:00,69.72,Value 69.72 outside normal range
2025-08-22 05:53:00+00:00,69.89,Value 69.89 outside normal range
2025-08-22 05:54:00+00:00,69.93,Value 69.93 outside normal range
2025-08-22 05:55:00+00:00,70.05,Value 70.05 outside normal range
2025-08-22 05:56:00+00:00,70.0,Value 70.00 outside normal range
2025-08-22 05:57:00+00:00,69.67,Value 69.67 outside normal range
2025-08-22 05:58:00+00:00,69.79,Value 69.79 outside normal range
2025-08-22 05:59:00+00:00,69.84,Value 69.84 outside normal range
2025-08-22 06:00:00+00:00,95.5,Value 95.50 outside normal range
2025-08-22 06:01:00+00:00,69.82,Value 69.82 outside normal range
2025-08-22 06:02:00+00:00,69.91,Value 69.91 outside normal range
2025-08-22 06:03:00+00:00,70.14,Value 70.14 outside normal range
2025-08-22 06:04:00+00:00,70.1,Value 70.10 outside normal range
2025-08-22 06:05:00+00:00,70.36,Value 70.36 outside normal range
2025-08-22 06:06:00+00:00,70.09,Value 70.09 outside normal range
2025-08-22 06:07:00+00:00,70.19,Value 70.19 outside normal range
2025-08-22 06:08:00+00:00,70.11,Value 70.11 outside normal range
2025-08-22 06:09:00+00:00,70.23,Value 70.23 outside normal range
2025-08-22 06:10:00+00:00,69.76,Value 69.76 outside normal range
2025-08-22 06:11:00+00:00,70.27,Value 70.27 outside normal range
2025-08-22 06:12:00+00:00,70.35,Value 70.35 outside normal range
2025-08-22 06:13:00+00:00,70.54,Value 70.54 outside normal range
2025-08-22 06:14:00+00:00,69.92,Value 69.92 outside normal range
2025-08-22 06:15:00+00:00,70.24,Value 70.24 outside normal range
2025-08-22 06:16:00+00:00,70.33,Value 70.33 outside normal range
2025-08-22 06:17:00+00:00,70.34,Value 70.34 outside normal range
2025-08-22 06:18:00+00:00,70.73,Value 70.73 outside normal range
2025-08-22 06:19:00+00:00,70.36,Value 70.36 outside normal range
2025-08-22 06:20:00+00:00,70.79,Value 70.79 outside normal range
2025-08-22 06:21:00+00:00,70.63,Value 70.63 outside normal range
2025-08-22 06:22:00+00:00,70.72,Value 70.72 outside normal range
2025-08-22 06:23:00+00:00,70.18,Value 70.18 outside normal range
2025-08-22 06:24:00+00:00,70.45,Value 70.45 outside normal range
2025-08-22 06:25:00+00:00,71.04,Value 71.04 outside normal range
2025-08-22 06:26:00+00:00,70.56,Value 70.56 outside normal range
2025-08-22 06:27:00+00:00,70.56,Value 70.56 outside normal range
2025-08-22 06:28:00+00:00,70.3,Value 70.30 outside normal range
2025-08-22 06:29:00+00:00,70.63,Value 70.63 outside normal range
2025-08-22 06:30:00+00:00,70.89,Value 70.89 outside normal range
2025-08-22 06:31:00+00:00,70.74,Value 70.74 outside normal range
2025-08-22 06:32:00+00:00,70.67,Value 70.67 outside normal range
2025-08-22 06:33:00+00:00,70.76,Value 70.76 outside normal range
2025-08-22 06:34:00+00:00,70.44,Value 70.44 outside normal range
2025-08-22 06:35:00+00:00,70.66,Value 70.66 outside normal range
2025-08-22 06:36:00+00:00,70.79,Value 70.79 outside normal range
2025-08-22 06:37:00+00:00,70.88,Value 70.88 outside normal range
2025-08-22 06:38:00+00:00,70.4,Value 70.40 outside normal range
2025-08-22 06:39:00+00:00,70.66,Value 70.66 outside normal range
2025-08-22 06:40:00+00:00,70.66,Value 70.66 outside normal range
2025-08-22 06:41:00+00:00,70.64,Value 70.64 outside normal range
2025-08-22 06:42:00+00:00,71.11,Value 71.11 outside normal range
2025-08-22 06:43:00+00:00,70.93,Value 70.93 outside normal range
2025-08-22 06:44:00+00:00,71.13,Value 71.13 outside normal range
2025-08-22 06:45:00+00:00,71.02,Value 71.02 outside normal range
2025-08-22 06:46:00+00:00,70.81,Value 70.81 outside normal range
2025-08-22 06:47:00+00:00,70.76,Value 70.76 outside normal range
2025-08-22 06:48:00+00:00,71.47,Value 71.47 outside normal range
2025-08-22 06:49:00+00:00,71.24,Value 71.24 outside normal range
2025-08-22 06:50:00+00:00,71.51,Value 71.51 outside normal range
2025-08-22 06:51:00+00:00,71.48,Value 71.48 outside normal range
2025-08-22 06:52:00+00:00,71.6,Value 71.60 outside normal range
2025-08-22 06:53:00+00:00,70.44,Value 70.44 outside normal range
2025-08-22 06:54:00+00:00,71.39,Value 71.39 outside normal range
2025-08-22 06:55:00+00:00,71.31,Value 71.31 outside normal range
2025-08-22 06:56:00+00:00,71.2,Value 71.20 outside normal range
2025-08-22 06:57:00+00:00,70.82,Value 70.82 outside normal range
2025-08-22 06:58:00+00:00,71.53,Value 71.53 outside normal range
2025-08-22 06:59:00+00:00,71.36,Value 71.36 outside normal range
2025-08-22 07:00:00+00:00,71.18,Value 71.18 outside normal range
2025-08-22 07:01:00+00:00,71.42,Value 71.42 outside normal range
2025-08-22 07:02:00+00:00,71.39,Value 71.39 outside normal range
2025-08-22 07:03:00+00:00,71.21,Value 71.21 outside normal range
2025-08-22 07:04:00+00:00,71.35,Value 71.35 outside normal range
2025-08-22 07:05:00+00:00,71.24,Value 71.24 outside normal range
2025-08-22 07:06:00+00:00,71.19,Value 71.19 outside normal range
2025-08-22 07:07:00+00:00,71.38,Value 71.38 outside normal range
2025-08-22 07:08:00+00:00,71.56,Value 71.56 outside normal range
2025-08-22 07:09:00+00:00,71.52,Value 71.52 outside normal range
2025-08-22 07:10:00+00:00,71.68,Value 71.68 outside normal range
2025-08-22 07:11:00+00:00,71.56,Value 71.56 outside normal range
2025-08-22 07:12:00+00:00,71.6,Value 71.60 outside normal range
2025-08-22 07:13:00+00:00,71.7,Value 71.70 outside normal range
2025-08-22 07:14:00+00:00,71.59,Value 71.59 outside normal range
2025-08-22 07:15:00+00:00,71.67,Value 71.67 outside normal range
2025-08-22 07:16:00+00:00,72.04,Value 72.04 outside normal range
2025-08-22 07:17:00+00:00,71.96,Value 71.96 outside normal range
2025-08-22 07:18:00+00:00,71.5,Value 71.50 outside normal range
2025-08-22 07:19:00+00:00,71.83,Value 71.83 outside normal range
2025-08-22 07:20:00+00:00,71.82,Value 71.82 outside normal range
2025-08-22 07:21:00+00:00,71.78,Value 71.78 outside normal range
2025-08-22 07:22:00+00:00,71.55,Value 71.55 outside normal range
2025-08-22 07:23:00+00:00,71.96,Value 71.96 outside normal range
2025-08-22 07:24:00+00:00,71.66,Value 71.66 outside normal range
2025-08-22 07:25:00+00:00,71.55,Value 71.55 outside normal range
2025-08-22 07:26:00+00:00,72.04,Value 72.04 outside normal range
2025-08-22 07:27:00+00:00,72.18,Value 72.18 outside normal range
2025-08-22 07:28:00+00:00,72.3,Value 72.30 outside normal range
2025-08-22 07:29:00+00:00,72.12,Value 72.12 outside normal range
2025-08-22 07:30:00+00:00,72.07,Value 72.07 outside normal range
2025-08-22 07:31:00+00:00,72.03,Value 72.03 outside normal range
2025-08-22 07:32:00+00:00,71.7,Value 71.70 outside normal range
2025-08-22 07:33:00+00:00,71.94,Value 71.94 outside normal range
2025-08-22 07:34:00+00:00,71.67,Value 71.67 outside normal range
2025-08-22 07:35:00+00:00,72.09,Value 72.09 outside normal range
2025-08-22 07:36:00+00:00,72.06,Value 72.06 outside normal range
2025-08-22 07:37:00+00:00,72.03,Value 72.03 outside normal range
2025-08-22 07:38:00+00:00,72.12,Value 72.12 outside normal range
2025-08-22 07:39:00+00:00,72.14,Value 72.14 outside normal range
2025-08-22 07:40:00+00:00,72.25,Value 72.25 outside normal range
2025-08-22 07:41:00+00:00,71.92,Value 71.92 outside normal range
2025-08-22 07:42:00+00:00,72.5,Value 72.50 outside normal range
2025-08-22 07:43:00+00:00,72.08,Value 72.08 outside normal range
2025-08-22 07:44:00+00:00,71.96,Value 71.96 outside normal range
2025-08-22 07:45:00+00:00,72.34,Value 72.34 outside normal range
2025-08-22 07:46:00+00:00,72.2,Value 72.20 outside normal range
2025-08-22 07:47:00+00:00,72.36,Value 72.36 outside normal range
2025-08-22 07:48:00+00:00,72.29,Value 72.29 outside normal range
2025-08-22 07:49:00+00:00,72.26,Value 72.26 outside normal range
2025-08-22 07:50:00+00:00,72.27,Value 72.27 outside normal range
2025-08-22 07:51:00+00:00,72.29,Value 72.29 outside normal range
2025-08-22 07:52:00+00:00,72.11,Value 72.11 outside normal range
2025-08-22 07:53:00+00:00,72.51,Value 72.51 outside normal range
2025-08-22 07:54:00+00:00,72.15,Value 72.15 outside normal range
2025-08-22 07:55:00+00:00,72.48,Value 72.48 outside normal range
2025-08-22 07:56:00+00:00,72.13,Value 72.13 outside normal range
2025-08-22 07:57:00+00:00,72.2,Value 72.20 outside normal range
2025-08-22 07:58:00+00:00,72.45,Value 72.45 outside normal range
2025-08-22 07:59:00+00:00,72.65,Value 72.65 outside normal range
2025-08-22 08:00:00+00:00,72.42,Value 72.42 outside normal range
2025-08-22 08:01:00+00:00,72.77,Value 72.77 outside normal range
2025-08-22 08:02:00+00:00,72.49,Value 72.49 outside normal range
2025-08-22 08:03:00+00:00,72.3,Value 72.30 outside normal range
2025-08-22 08:04:00+00:00,72.62,Value 72.62 outside normal range
2025-08-22 08:05:00+00:00,72.6,Value 72.60 outside normal range
2025-08-22 08:06:00+00:00,72.54,Value 72.54 outside normal range
2025-08-22 08:07:00+00:00,72.91,Value 72.91 outside normal range
2025-08-22 08:08:00+00:00,72.87,Value 72.87 outside normal range
2025-08-22 08:09:00+00:00,72.89,Value 72.89 outside normal range
2025-08-22 08:10:00+00:00,72.81,Value 72.81 outside normal range
2025-08-22 08:11:00+00:00,72.76,Value 72.76 outside normal range
2025-08-22 08:12:00+00:00,72.77,Value 72.77 outside normal range
2025-08-22 08:13:00+00:00,72.88,Value 72.88 outside normal range
2025-08-22 08:14:00+00:00,72.76,Value 72.76 outside normal range
2025-08-22 08:15:00+00:00,72.46,Value 72.46 outside normal range
2025-08-22 08:16:00+00:00,72.68,Value 72.68 outside normal range
2025-08-22 08:17:00+00:00,72.91,Value 72.91 outside normal range
2025-08-22 08:18:00+00:00,72.65,Value 72.65 outside normal range
2025-08-22 08:19:00+00:00,72.49,Value 72.49 outside normal range
2025-08-22 08:20:00+00:00,72.36,Value 72.36 outside normal range
2025-08-22 08:21:00+00:00,73.02,Value 73.02 outside normal range
2025-08-22 08:22:00+00:00,73.09,Value 73.09 outside normal range
2025-08-22 08:23:00+00:00,72.99,Value 72.99 outside normal range
2025-08-22 08:24:00+00:00,73.16,Value 73.16 outside normal range
2025-08-22 08:25:00+00:00,72.93,Value 72.93 outside normal range
2025-08-22 08:26:00+00:00,72.8,Value 72.80 outside normal range
2025-08-22 08:27:00+00:00,72.95,Value 72.95 outside normal range
2025-08-22 08:28:00+00:00,73.13,Value 73.13 outside normal range
2025-08-22 08:29:00+00:00,73.03,Value 73.03 outside normal range
2025-08-22 08:30:00+00:00,73.11,Value 73.11 outside normal range
2025-08-22 08:31:00+00:00,73.26,Value 73.26 outside normal range
2025-08-22 08:32:00+00:00,73.08,Value 73.08 outside normal range
2025-08-22 08:33:00+00:00,73.43,Value 73.43 outside normal range
2025-08-22 08:34:00+00:00,73.22,Value 73.22 outside normal range
2025-08-22 08:35:00+00:00,72.85,Value 72.85 outside normal range
2025-08-22 08:36:00+00:00,73.5,Value 73.50 outside normal range
2025-08-22 08:37:00+00:00,73.04,Value 73.04 outside normal range
2025-08-22 08:38:00+00:00,73.32,Value 73.32 outside normal range
2025-08-22 08:39:00+00:00,73.27,Value 73.27 outside normal range
2025-08-22 08:40:00+00:00,73.54,Value 73.54 outside normal range
2025-08-22 08:41:00+00:00,73.0,Value 73.00 outside normal range
2025-08-22 08:42:00+00:00,73.23,Value 73.23 outside normal range
2025-08-22 08:43:00+00:00,73.33,Value 73.33 outside normal range
2025-08-22 08:44:00+00:00,73.11,Value 73.11 outside normal range
2025-08-22 08:45:00+00:00,73.51,Value 73.51 outside normal range
2025-08-22 08:46:00+00:00,73.19,Value 73.19 outside normal range
2025-08-22 08:47:00+00:00,73.07,Value 73.07 outside normal range
2025-08-22 08:48:00+00:00,73.32,Value 73.32 outside normal range
2025-08-22 08:49:00+00:00,73.39,Value 73.39 outside normal range
2025-08-22 08:50:00+00:00,73.36,Value 73.36 outside normal range
2025-08-22 08:51:00+00:00,73.68,Value 73.68 outside normal range
2025-08-22 08:52:00+00:00,73.28,Value 73.28 outside normal range
2025-08-22 08:53:00+00:00,73.44,Value 73.44 outside normal range
2025-08-22 08:54:00+00:00,73.12,Value 73.12 outside normal range
2025-08-22 08:55:00+00:00,73.65,Value 73.65 outside normal range
2025-08-22 08:56:00+00:00,73.62,Value 73.62 outside normal range
2025-08-22 08:57:00+00:00,73.74,Value 73.74 outside normal range
2025-08-22 08:58:00+00:00,73.69,Value 73.69 outside normal range
2025-08-22 08:59:00+00:00,73.3,Value 73.30 outside normal range
2025-08-22 09:00:00+00:00,73.71,Value 73.71 outside normal range
2025-08-22 09:01:00+00:00,73.43,Value 73.43 outside normal range
2025-08-22 09:02:00+00:00,73.79,Value 73.79 outside normal range
2025-08-22 09:03:00+00:00,73.67,Value 73.67 outside normal range
2025-08-22 09:04:00+00:00,73.5,Value 73.50 outside normal range
2025-08-22 09:05:00+00:00,73.57,Value 73.57 outside normal range
2025-08-22 09:06:00+00:00,73.76,Value 73.76 outside normal range
2025-08-22 09:07:00+00:00,73.44,Value 73.44 outside normal range
2025-08-22 09:08:00+00:00,73.69,Value 73.69 outside normal range
2025-08-22 09:09:00+00:00,73.59,Value 73.59 outside normal range
2025-08-22 09:10:00+00:00,73.61,Value 73.61 outside normal range
2025-08-22 09:11:00+00:00,74.03,Value 74.03 outside normal range
2025-08-22 09:12:00+00:00,73.49,Value 73.49 outside normal range
2025-08-22 09:13:00+00:00,73.68,Value 73.68 outside normal range
2025-08-22 09:14:00+00:00,73.84,Value 73.84 outside normal range
2025-08-22 09:15:00+00:00,73.5,Value 73.50 outside normal range
2025-08-22 09:16:00+00:00,73.69,Value 73.69 outside normal range
2025-08-22 09:17:00+00:00,73.59,Value 73.59 outside normal range
2025-08-22 09:18:00+00:00,73.61,Value 73.61 outside normal range
2025-08-22 09:19:00+00:00,73.9,Value 73.90 outside normal range
2025-08-22 09:20:00+00:00,73.9,Value 73.90 outside normal range
2025-08-22 09:21:00+00:00,73.73,Value 73.73 outside normal range
2025-08-22 09:22:00+00:00,73.81,Value 73.81 outside normal range
2025-08-22 09:23:00+00:00,73.61,Value 73.61 outside normal range
2025-08-22 09:24:00+00:00,74.02,Value 74.02 outside normal range
2025-08-22 09:25:00+00:00,73.56,Value 73.56 outside normal range
2025-08-22 09:26:00+00:00,74.06,Value 74.06 outside normal range
2025-08-22 09:27:00+00:00,73.91,Value 73.91 outside normal range
2025-08-22 09:28:00+00:00,73.94,Value 73.94 outside normal range
2025-08-22 09:29:00+00:00,73.82,Value 73.82 outside normal range
2025-08-22 09:30:00+00:00,74.05,Value 74.05 outside normal range
2025-08-22 09:31:00+00:00,73.84,Value 73.84 outside normal range
2025-08-22 09:32:00+00:00,74.23,Value 74.23 outside normal range
2025-08-22 09:33:00+00:00,74.15,Value 74.15 outside normal range
2025-08-22 09:34:00+00:00,73.91,Value 73.91 outside normal range
2025-08-22 09:35:00+00:00,74.1,Value 74.10 outside normal range
2025-08-22 09:36:00+00:00,74.31,Value 74.31 outside normal range
2025-08-22 09:37:00+00:00,74.31,Value 74.31 outside normal range
2025-08-22 09:38:00+00:00,74.45,Value 74.45 outside normal range
2025-08-22 09:39:00+00:00,73.86,Value 73.86 outside normal range
2025-08-22 09:40:00+00:00,74.45,Value 74.45 outside normal range
2025-08-22 09:41:00+00:00,73.99,Value 73.99 outside normal range
2025-08-22 09:42:00+00:00,74.11,Value 74.11 outside normal range
2025-08-22 09:43:00+00:00,74.31,Value 74.31 outside normal range
2025-08-22 09:44:00+00:00,73.77,Value 73.77 outside normal range
2025-08-22 09:45:00+00:00,74.15,Value 74.15 outside normal range
2025-08-22 09:46:00+00:00,74.67,Value 74.67 outside normal range
2025-08-22 09:47:00+00:00,74.42,Value 74.42 outside normal range
2025-08-22 09:48:00+00:00,74.03,Value 74.03 outside normal range
2025-08-22 09:49:00+00:00,74.64,Value 74.64 outside normal range
2025-08-22 09:50:00+00:00,74.11,Value 74.11 outside normal range
2025-08-22 09:51:00+00:00,74.02,Value 74.02 outside normal range
2025-08-22 09:52:00+00:00,74.44,Value 74.44 outside normal range
2025-08-22 09:53:00+00:00,73.95,Value 73.95 outside normal range
2025-08-22 09:54:00+00:00,74.57,Value 74.57 outside normal range
2025-08-22 09:55:00+00:00,74.11,Value 74.11 outside normal range
2025-08-22 09:56:00+00:00,74.19,Value 74.19 outside normal range
2025-08-22 09:57:00+00:00,74.2,Value 74.20 outside normal range
2025-08-22 09:58:00+00:00,74.52,Value 74.52 outside normal range
2025-08-22 09:59:00+00:00,74.12,Value 74.12 outside normal range
2025-08-22 10:00:00+00:00,74.59,Value 74.59 outside normal range
2025-08-22 10:01:00+00:00,73.84,Value 73.84 outside normal range
2025-08-22 10:02:00+00:00,74.57,Value 74.57 outside normal range
2025-08-22 10:03:00+00:00,74.27,Value 74.27 outside normal range
2025-08-22 10:04:00+00:00,74.04,Value 74.04 outside normal range
2025-08-22 10:05:00+00:00,74.43,Value 74.43 outside normal range
2025-08-22 10:06:00+00:00,74.46,Value 74.46 outside normal range
2025-08-22 10:07:00+00:00,74.72,Value 74.72 outside normal range
2025-08-22 10:08:00+00:00,74.83,Value 74.83 outside normal range
2025-08-22 10:09:00+00:00,74.32,Value 74.32 outside normal range
2025-08-22 10:10:00+00:00,74.36,Value 74.36 outside normal range
2025-08-22 10:11:00+00:00,74.54,Value 74.54 outside normal range
2025-08-22 10:12:00+00:00,74.32,Value 74.32 outside normal range
2025-08-22 10:13:00+00:00,74.44,Value 74.44 outside normal range
2025-08-22 10:14:00+00:00,74.49,Value 74.49 outside normal range
2025-08-22 10:15:00+00:00,74.92,Value 74.92 outside normal range
2025-08-22 10:16:00+00:00,74.65,Value 74.65 outside normal range
2025-08-22 10:17:00+00:00,74.57,Value 74.57 outside normal range
2025-08-22 10:18:00+00:00,74.56,Value 74.56 outside normal range
2025-08-22 10:19:00+00:00,74.11,Value 74.11 outside normal range
2025-08-22 10:20:00+00:00,74.24,Value 74.24 outside normal range
2025-08-22 10:21:00+00:00,74.37,Value 74.37 outside normal range
2025-08-22 10:22:00+00:00,74.69,Value 74.69 outside normal range
2025-08-22 10:23:00+00:00,74.45,Value 74.45 outside normal range
2025-08-22 10:24:00+00:00,74.71,Value 74.71 outside normal range
2025-08-22 10:25:00+00:00,74.45,Value 74.45 outside normal range
2025-08-22 10:26:00+00:00,74.53,Value 74.53 outside normal range
2025-08-22 10:27:00+00:00,74.49,Value 74.49 outside normal range
2025-08-22 10:28:00+00:00,74.44,Value 74.44 outside normal range
2025-08-22 10:29:00+00:00,74.57,Value 74.57 outside normal range
2025-08-22 10:30:00+00:00,74.44,Value 74.44 outside normal range
2025-08-22 10:31:00+00:00,74.59,Value 74.59 outside normal range
2025-08-22 10:32:00+00:00,74.69,Value 74.69 outside normal range
2025-08-22 10:33:00+00:00,74.73,Value 74.73 outside normal range
2025-08-22 10:34:00+00:00,74.55,Value 74.55 outside normal range
2025-08-22 10:35:00+00:00,74.71,Value 74.71 outside normal range
2025-08-22 10:36:00+00:00,74.6,Value 74.60 outside normal range
2025-08-22 10:37:00+00:00,74.61,Value 74.61 outside normal range
2025-08-22 10:38:00+00:00,74.86,Value 74.86 outside normal range
2025-08-22 10:39:00+00:00,74.51,Value 74.51 outside normal range
2025-08-22 10:40:00+00:00,74.8,Value 74.80 outside normal range
2025-08-22 10:41:00+00:00,74.71,Value 74.71 outside normal range
2025-08-22 10:42:00+00:00,74.82,Value 74.82 outside normal range
2025-08-22 10:43:00+00:00,74.72,Value 74.72 outside normal range
2025-08-22 10:44:00+00:00,74.54,Value 74.54 outside normal range
2025-08-22 10:45:00+00:00,74.91,Value 74.91 outside normal range
2025-08-22 10:46:00+00:00,74.81,Value 74.81 outside normal range
2025-08-22 10:47:00+00:00,74.71,Value 74.71 outside normal range
2025-08-22 10:48:00+00:00,74.65,Value 74.65 outside normal range
2025-08-22 10:49:00+00:00,74.97,Value 74.97 outside normal range
2025-08-22 10:50:00+00:00,74.61,Value 74.61 outside normal range
2025-08-22 10:51:00+00:00,74.88,Value 74.88 outside normal range
2025-08-22 10:52:00+00:00,74.99,Value 74.99 outside normal range
2025-08-22 10:53:00+00:00,74.46,Value 74.46 outside normal range
2025-08-22 10:54:00+00:00,74.58,Value 74.58 outside normal range
2025-08-22 10:55:00+00:00,74.62,Value 74.62 outside normal range
2025-08-22 10:56:00+00:00,74.78,Value 74.78 outside normal range
2025-08-22 10:57:00+00:00,74.56,Value 74.56 outside normal range
2025-08-22 10:58:00+00:00,74.81,Value 74.81 outside normal range
2025-08-22 10:59:00+00:00,74.85,Value 74.85 outside normal range
2025-08-22 11:00:00+00:00,74.84,Value 74.84 outside normal range
2025-08-22 11:01:00+00:00,74.89,Value 74.89 outside normal range
2025-08-22 11:02:00+00:00,75.0,Value 75.00 outside normal range
2025-08-22 11:03:00+00:00,74.86,Value 74.86 outside normal range
2025-08-22 11:04:00+00:00,75.05,Value 75.05 outside normal range
2025-08-22 11:05:00+00:00,74.92,Value 74.92 outside normal range
2025-08-22 11:06:00+00:00,74.96,Value 74.96 outside normal range
2025-08-22 11:07:00+00:00,75.06,Value 75.06 outside normal range
2025-08-22 11:08:00+00:00,74.67,Value 74.67 outside normal range
2025-08-22 11:09:00+00:00,74.79,Value 74.79 outside normal range
2025-08-22 11:10:00+00:00,74.9,Value 74.90 outside normal range
2025-08-22 11:11:00+00:00,74.76,Value 74.76 outside normal range
2025-08-22 11:12:00+00:00,74.98,Value 74.98 outside normal range
2025-08-22 11:13:00+00:00,75.13,Value 75.13 outside normal range
2025-08-22 11:14:00+00:00,74.77,Value 74.77 outside normal range
2025-08-22 11:15:00+00:00,74.81,Value 74.81 outside normal range
2025-08-22 11:16:00+00:00,74.83,Value 74.83 outside normal range
2025-08-22 11:17:00+00:00,74.64,Value 74.64 outside normal range
2025-08-22 11:18:00+00:00,74.93,Value 74.93 outside normal range
2025-08-22 11:19:00+00:00,75.08,Value 75.08 outside normal range
2025-08-22 11:20:00+00:00,75.07,Value 75.07 outside normal range
2025-08-22 11:21:00+00:00,75.08,Value 75.08 outside normal range
2025-08-22 11:22:00+00:00,74.9,Value 74.90 outside normal range
2025-08-22 11:23:00+00:00,74.72,Value 74.72 outside normal range
2025-08-22 11:24:00+00:00,74.97,Value 74.97 outside normal range
2025-08-22 11:25:00+00:00,74.94,Value 74.94 outside normal range
2025-08-22 11:26:00+00:00,75.13,Value 75.13 outside normal range
2025-08-22 11:27:00+00:00,75.2,Value 75.20 outside normal range
2025-08-22 11:28:00+00:00,75.08,Value 75.08 outside normal range
2025-08-22 11:29:00+00:00,74.72,Value 74.72 outside normal range
2025-08-22 11:30:00+00:00,74.93,Value 74.93 outside normal range
2025-08-22 11:31:00+00:00,74.87,Value 74.87 outside normal range
2025-08-22 11:32:00+00:00,75.2,Value 75.20 outside normal range
2025-08-22 11:33:00+00:00,74.78,Value 74.78 outside normal range
2025-08-22 11:34:00+00:00,75.61,Value 75.61 outside normal range
2025-08-22 11:35:00+00:00,75.13,Value 75.13 outside normal range
2025-08-22 11:36:00+00:00,74.67,Value 74.67 outside normal range
2025-08-22 11:37:00+00:00,75.28,Value 75.28 outside normal range
2025-08-22 11:38:00+00:00,74.92,Value 74.92 outside normal range
2025-08-22 11:39:00+00:00,74.75,Value 74.75 outside normal range
2025-08-22 11:40:00+00:00,75.19,Value 75.19 outside normal range
2025-08-22 11:41:00+00:00,75.09,Value 75.09 outside normal range
2025-08-22 11:42:00+00:00,74.91,Value 74.91 outside normal range
2025-08-22 11:43:00+00:00,75.03,Value 75.03 outside normal range
2025-08-22 11:44:00+00:00,75.33,Value 75.33 outside normal range
2025-08-22 11:45:00+00:00,75.0,Value 75.00 outside normal range
2025-08-22 11:46:00+00:00,75.11,Value 75.11 outside normal range
2025-08-22 11:47:00+00:00,74.81,Value 74.81 outside normal range
2025-08-22 11:48:00+00:00,74.74,Value 74.74 outside normal range
2025-08-22 11:49:00+00:00,75.06,Value 75.06 outside normal range
2025-08-22 11:50:00+00:00,75.24,Value 75.24 outside normal range
2025-08-22 11:51:00+00:00,74.7,Value 74.70 outside normal range
2025-08-22 11:52:00+00:00,74.99,Value 74.99 outside normal range
2025-08-22 11:53:00+00:00,74.91,Value 74.91 outside normal range
2025-08-22 11:54:00+00:00,75.18,Value 75.18 outside normal range
2025-08-22 11:55:00+00:00,74.95,Value 74.95 outside normal range
2025-08-22 11:56:00+00:00,74.75,Value 74.75 outside normal range
2025-08-22 11:57:00+00:00,74.88,Value 74.88 outside normal range
2025-08-22 11:58:00+00:00,74.93,Value 74.93 outside normal range
2025-08-22 11:59:00+00:00,74.92,Value 74.92 outside normal range
2025-08-22 12:00:00+00:00,74.76,Value 74.76 outside normal range
2025-08-22 12:01:00+00:00,74.94,Value 74.94 outside normal range
2025-08-22 12:02:00+00:00,74.77,Value 74.77 outside normal range
2025-08-22 12:03:00+00:00,75.19,Value 75.19 outside normal range
2025-08-22 12:04:00+00:00,74.88,Value 74.88 outside normal range
2025-08-22 12:05:00+00:00,75.02,Value 75.02 outside normal range
2025-08-22 12:06:00+00:00,75.3,Value 75.30 outside normal range
2025-08-22 12:07:00+00:00,74.97,Value 74.97 outside normal range
2025-08-22 12:08:00+00:00,75.02,Value 75.02 outside normal range
2025-08-22 12:09:00+00:00,75.05,Value 75.05 outside normal range
2025-08-22 12:10:00+00:00,74.88,Value 74.88 outside normal range
2025-08-22 12:11:00+00:00,75.31,Value 75.31 outside normal range
2025-08-22 12:12:00+00:00,75.04,Value 75.04 outside normal range
2025-08-22 12:13:00+00:00,74.63,Value 74.63 outside normal range
2025-08-22 12:14:00+00:00,74.82,Value 74.82 outside normal range
2025-08-22 12:15:00+00:00,74.82,Value 74.82 outside normal range
2025-08-22 12:16:00+00:00,74.85,Value 74.85 outside normal range
2025-08-22 12:17:00+00:00,74.89,Value 74.89 outside normal range
2025-08-22 12:18:00+00:00,74.98,Value 74.98 outside normal range
2025-08-22 12:19:00+00:00,75.04,Value 75.04 outside normal range
2025-08-22 12:20:00+00:00,74.86,Value 74.86 outside normal range
2025-08-22 12:21:00+00:00,74.81,Value 74.81 outside normal range
2025-08-22 12:22:00+00:00,74.96,Value 74.96 outside normal range
2025-08-22 12:23:00+00:00,75.31,Value 75.31 outside normal range
2025-08-22 12:24:00+00:00,75.13,Value 75.13 outside normal range
2025-08-22 12:25:00+00:00,74.75,Value 74.75 outside normal range
2025-08-22 12:26:00+00:00,75.08,Value 75.08 outside normal range
2025-08-22 12:27:00+00:00,75.11,Value 75.11 outside normal range
2025-08-22 12:28:00+00:00,74.92,Value 74.92 outside normal range
2025-08-22 12:29:00+00:00,74.73,Value 74.73 outside normal range
2025-08-22 12:30:00+00:00,75.07,Value 75.07 outside normal range
2025-08-22 12:31:00+00:00,74.81,Value 74.81 outside normal range
2025-08-22 12:32:00+00:00,75.16,Value 75.16 outside normal range
2025-08-22 12:33:00+00:00,74.96,Value 74.96 outside normal range
2025-08-22 12:34:00+00:00,75.17,Value 75.17 outside normal range
2025-08-22 12:35:00+00:00,74.99,Value 74.99 outside normal range
2025-08-22 12:36:00+00:00,74.92,Value 74.92 outside normal range
2025-08-22 12:37:00+00:00,74.91,Value 74.91 outside normal range
2025-08-22 12:38:00+00:00,75.0,Value 75.00 outside normal range
2025-08-22 12:39:00+00:00,75.33,Value 75.33 outside normal range
2025-08-22 12:40:00+00:00,74.62,Value 74.62 outside normal range
2025-08-22 12:41:00+00:00,74.87,Value 74.87 outside normal range
2025-08-22 12:42:00+00:00,75.08,Value 75.08 outside normal range
2025-08-22 12:43:00+00:00,74.95,Value 74.95 outside normal range
2025-08-22 12:44:00+00:00,74.86,Value 74.86 outside normal range
2025-08-22 12:45:00+00:00,74.87,Value 74.87 outside normal range
2025-08-22 12:46:00+00:00,74.92,Value 74.92 outside normal range
2025-08-22 12:47:00+00:00,75.16,Value 75.16 outside normal range
2025-08-22 12:48:00+00:00,74.69,Value 74.69 outside normal range
2025-08-22 12:49:00+00:00,74.87,Value 74.87 outside normal range
2025-08-22 12:50:00+00:00,74.8,Value 74.80 outside normal range
2025-08-22 12:51:00+00:00,74.88,Value 74.88 outside normal range
2025-08-22 12:52:00+00:00,75.0,Value 75.00 outside normal range
2025-08-22 12:53:00+00:00,74.98,Value 74.98 outside normal range
2025-08-22 12:54:00+00:00,75.02,Value 75.02 outside normal range
2025-08-22 12:55:00+00:00,74.8,Value 74.80 outside normal range
2025-08-22 12:56:00+00:00,74.85,Value 74.85 outside normal range
2025-08-22 12:57:00+00:00,74.87,Value 74.87 outside normal range
2025-08-22 12:58:00+00:00,74.85,Value 74.85 outside normal range
2025-08-22 12:59:00+00:00,74.85,Value 74.85 outside normal range
2025-08-22 13:00:00+00:00,74.75,Value 74.75 outside normal range
2025-08-22 13:01:00+00:00,74.86,Value 74.86 outside normal range
2025-08-22 13:02:00+00:00,74.61,Value 74.61 outside normal range
2025-08-22 13:03:00+00:00,74.83,Value 74.83 outside normal range
